,연도,학과,학생구분,응시자수,학과_1,학과_2,학과_3,학과_4,학생구분_1,학생구분_2,학생구분_3,학생구분_4,응시자수_1,응시자수_2,응시자수_3,응시자수_4
0,2019,건축설비소방과,신입생,70,건축학부,경영학부,글로벌외식조리학부,기계과,신입생,신입생,신입생,신입생,229.0,147.0,147.0,87.0
1,2019,건축학부,신입생,229,경영학부,글로벌외식조리학부,기계과,디지털전자과,신입생,신입생,신입생,신입생,147.0,147.0,87.0,75.0
2,2019,경영학부,신입생,147,글로벌외식조리학부,기계과,디지털전자과,메카트로닉스과,신입생,신입생,신입생,신입생,147.0,87.0,75.0,66.0
3,2019,글로벌외식조리학부,신입생,147,기계과,디지털전자과,메카트로닉스과,방송음향영상학부,신입생,신입생,신입생,신입생,87.0,75.0,66.0,112.0
4,2019,기계과,신입생,87,디지털전자과,메카트로닉스과,방송음향영상학부,비서사무행정과,신입생,신입생,신입생,신입생,75.0,66.0,112.0,77.0
5,2019,디지털전자과,신입생,75,메카트로닉스과,방송음향영상학부,비서사무행정과,사회복지과,신입생,신입생,신입생,신입생,66.0,112.0,77.0,73.0
6,2019,메카트로닉스과,신입생,66,방송음향영상학부,비서사무행정과,사회복지과,스포츠지도과,신입생,신입생,신입생,신입생,112.0,77.0,73.0,39.0
7,2019,방송음향영상학부,신입생,112,비서사무행정과,사회복지과,스포츠지도과,아동문헌정보과,신입생,신입생,신입생,신입생,77.0,73.0,39.0,62.0
8,2019,비서사무행정과,신입생,77,사회복지과,스포츠지도과,아동문헌정보과,언어재활과,신입생,신입생,신입생,신입생,73.0,39.0,62.0,42.0
9,2019,사회복지과,신입생,73,스포츠지도과,아동문헌정보과,언어재활과,유아교육과,신입생,신입생,신입생,신입생,39.0,62.0,42.0,72.0
10,2019,스포츠지도과,신입생,39,아동문헌정보과,언어재활과,유아교육과,의공융합과,신입생,신입생,신입생,신입생,62.0,42.0,72.0,31.0
11,2019,아동문헌정보과,신입생,62,언어재활과,유아교육과,의공융합과,자동차학부,신입생,신입생,신입생,신입생,42.0,72.0,31.0,111.0
12,2019,언어재활과,신입생,42,유아교육과,의공융합과,자동차학부,자동화시스템과,신입생,신입생,신입생,신입생,72.0,31.0,111.0,63.0
13,2019,유아교육과,신입생,72,의공융합과,자동차학부,자동화시스템과,전기과,신입생,신입생,신입생,신입생,31.0,111.0,63.0,76.0
14,2019,의공융합과,신입생,31,자동차학부,자동화시스템과,전기과,전자통신과,신입생,신입생,신입생,신입생,111.0,63.0,76.0,75.0
15,2019,자동차학부,신입생,111,자동화시스템과,전기과,전자통신과,컴퓨터정보학부,신입생,신입생,신입생,신입생,63.0,76.0,75.0,136.0
16,2019,자동화시스템과,신입생,63,전기과,전자통신과,컴퓨터정보학부,토목환경과,신입생,신입생,신입생,신입생,76.0,75.0,136.0,58.0
17,2019,전기과,신입생,76,전자통신과,컴퓨터정보학부,토목환경과,항공호텔관광학부,신입생,신입생,신입생,신입생,75.0,136.0,58.0,160.0
18,2019,전자통신과,신입생,75,컴퓨터정보학부,토목환경과,항공호텔관광학부,건축과,신입생,신입생,신입생,재학생,136.0,58.0,160.0,63.0
19,2019,컴퓨터정보학부,신입생,136,토목환경과,항공호텔관광학부,건축과,건축설비소방과,신입생,신입생,재학생,재학생,58.0,160.0,63.0,59.0
20,2019,토목환경과,신입생,58,항공호텔관광학부,건축과,건축설비소방과,경영과,신입생,재학생,재학생,재학생,160.0,63.0,59.0,67.0
21,2019,항공호텔관광학부,신입생,160,건축과,건축설비소방과,경영과,기계과,재학생,재학생,재학생,재학생,63.0,59.0,67.0,55.0
22,2019,건축과,재학생,63,건축설비소방과,경영과,기계과,디지털전자과,재학생,재학생,재학생,재학생,59.0,67.0,55.0,56.0
23,2019,건축설비소방과,재학생,59,경영과,기계과,디지털전자과,메카트로닉스과,재학생,재학생,재학생,재학생,67.0,55.0,56.0,28.0
24,2019,경영과,재학생,67,기계과,디지털전자과,메카트로닉스과,모바일인터넷과,재학생,재학생,재학생,재학생,55.0,56.0,28.0,47.0
25,2019,기계과,재학생,55,디지털전자과,메카트로닉스과,모바일인터넷과,방송음향영상과,재학생,재학생,재학생,재학생,56.0,28.0,47.0,55.0
26,2019,디지털전자과,재학생,56,메카트로닉스과,모바일인터넷과,방송음향영상과,비서사무행정과,재학생,재학생,재학생,재학생,28.0,47.0,55.0,53.0
27,2019,메카트로닉스과,재학생,28,모바일인터넷과,방송음향영상과,비서사무행정과,사회복지과,재학생,재학생,재학생,재학생,47.0,55.0,53.0,52.0
28,2019,모바일인터넷과,재학생,47,방송음향영상과,비서사무행정과,사회복지과,산업경영과,재학생,재학생,재학생,재학생,55.0,53.0,52.0,25.0
29,2019,방송음향영상과,재학생,55,비서사무행정과,사회복지과,산업경영과,세무회계과,재학생,재학생,재학생,재학생,53.0,52.0,25.0,61.0
30,2019,비서사무행정과,재학생,53,사회복지과,산업경영과,세무회계과,스포츠지도과,재학생,재학생,재학생,재학생,52.0,25.0,61.0,53.0
31,2019,사회복지과,재학생,52,산업경영과,세무회계과,스포츠지도과,실내디자인과(학부),재학생,재학생,재학생,재학생,25.0,61.0,53.0,60.0
32,2019,산업경영과,재학생,25,세무회계과,스포츠지도과,실내디자인과(학부),아동문헌정보과,재학생,재학생,재학생,재학생,61.0,53.0,60.0,51.0
33,2019,세무회계과,재학생,61,스포츠지도과,실내디자인과(학부),아동문헌정보과,언어재활과,재학생,재학생,재학생,재학생,53.0,60.0,51.0,37.0
34,2019,스포츠지도과,재학생,53,실내디자인과(학부),아동문헌정보과,언어재활과,유아교육과,재학생,재학생,재학생,재학생,60.0,51.0,37.0,60.0
35,2019,실내디자인과(학부),재학생,60,아동문헌정보과,언어재활과,유아교육과,의공융합과,재학생,재학생,재학생,재학생,51.0,37.0,60.0,29.0
36,2019,아동문헌정보과,재학생,51,언어재활과,유아교육과,의공융합과,자동차과,재학생,재학생,재학생,재학생,37.0,60.0,29.0,121.0
37,2019,언어재활과,재학생,37,유아교육과,의공융합과,자동차과,자동화시스템과,재학생,재학생,재학생,재학생,60.0,29.0,121.0,36.0
38,2019,유아교육과,재학생,60,의공융합과,자동차과,자동화시스템과,전기과,재학생,재학생,재학생,재학생,29.0,121.0,36.0,48.0
39,2019,의공융합과,재학생,29,자동차과,자동화시스템과,전기과,전자통신과,재학생,재학생,재학생,재학생,121.0,36.0,48.0,41.0
40,2019,자동차과,재학생,121,자동화시스템과,전기과,전자통신과,컴퓨터소프트웨어과,재학생,재학생,재학생,재학생,36.0,48.0,41.0,58.0
41,2019,자동화시스템과,재학생,36,전기과,전자통신과,컴퓨터소프트웨어과,토목환경과,재학생,재학생,재학생,재학생,48.0,41.0,58.0,25.0
42,2019,전기과,재학생,48,전자통신과,컴퓨터소프트웨어과,토목환경과,항공서비스과,재학생,재학생,재학생,재학생,41.0,58.0,25.0,63.0
43,2019,전자통신과,재학생,41,컴퓨터소프트웨어과,토목환경과,항공서비스과,호텔관광과,재학생,재학생,재학생,재학생,58.0,25.0,63.0,54.0
44,2019,컴퓨터소프트웨어과,재학생,58,토목환경과,항공서비스과,호텔관광과,호텔외식서비스과,재학생,재학생,재학생,재학생,25.0,63.0,54.0,40.0
45,2019,토목환경과,재학생,25,항공서비스과,호텔관광과,호텔외식서비스과,호텔조리과,재학생,재학생,재학생,재학생,63.0,54.0,40.0,72.0
46,2019,항공서비스과,재학생,63,호텔관광과,호텔외식서비스과,호텔조리과,건축과,재학생,재학생,재학생,신입생,54.0,40.0,72.0,35.0
47,2019,호텔관광과,재학생,54,호텔외식서비스과,호텔조리과,건축과,건축설비소방과,재학생,재학생,신입생,신입생,40.0,72.0,35.0,41.0
48,2019,호텔외식서비스과,재학생,40,호텔조리과,건축과,건축설비소방과,경영과,재학생,신입생,신입생,신입생,72.0,35.0,41.0,31.0
49,2019,호텔조리과,재학생,72,건축과,건축설비소방과,경영과,기계과,신입생,신입생,신입생,신입생,35.0,41.0,31.0,32.0
50,2018,건축과,신입생,35,건축설비소방과,경영과,기계과,디지털전자과,신입생,신입생,신입생,신입생,41.0,31.0,32.0,72.0
51,2018,건축설비소방과,신입생,41,경영과,기계과,디지털전자과,메카트로닉스과,신입생,신입생,신입생,신입생,31.0,32.0,72.0,35.0
52,2018,경영과,신입생,31,기계과,디지털전자과,메카트로닉스과,모바일인터넷과,신입생,신입생,신입생,신입생,32.0,72.0,35.0,64.0
53,2018,기계과,신입생,32,디지털전자과,메카트로닉스과,모바일인터넷과,방송음향영상과,신입생,신입생,신입생,신입생,72.0,35.0,64.0,38.0
54,2018,디지털전자과,신입생,72,메카트로닉스과,모바일인터넷과,방송음향영상과,비서사무행정과,신입생,신입생,신입생,신입생,35.0,64.0,38.0,33.0
55,2018,메카트로닉스과,신입생,35,모바일인터넷과,방송음향영상과,비서사무행정과,사회복지과,신입생,신입생,신입생,신입생,64.0,38.0,33.0,38.0
56,2018,모바일인터넷과,신입생,64,방송음향영상과,비서사무행정과,사회복지과,산업경영과,신입생,신입생,신입생,신입생,38.0,33.0,38.0,44.0
57,2018,방송음향영상과,신입생,38,비서사무행정과,사회복지과,산업경영과,세무회계과,신입생,신입생,신입생,신입생,33.0,38.0,44.0,36.0
58,2018,비서사무행정과,신입생,33,사회복지과,산업경영과,세무회계과,스포츠지도과,신입생,신입생,신입생,신입생,38.0,44.0,36.0,48.0
59,2018,사회복지과,신입생,38,산업경영과,세무회계과,스포츠지도과,실내디자인과,신입생,신입생,신입생,신입생,44.0,36.0,48.0,38.0
60,2018,산업경영과,신입생,44,세무회계과,스포츠지도과,실내디자인과,아동문헌정보과,신입생,신입생,신입생,신입생,36.0,48.0,38.0,34.0
61,2018,세무회계과,신입생,36,스포츠지도과,실내디자인과,아동문헌정보과,언어재활과,신입생,신입생,신입생,신입생,48.0,38.0,34.0,42.0
62,2018,스포츠지도과,신입생,48,실내디자인과,아동문헌정보과,언어재활과,유아교육과,신입생,신입생,신입생,신입생,38.0,34.0,42.0,33.0
63,2018,실내디자인과,신입생,38,아동문헌정보과,언어재활과,유아교육과,의공융합과,신입생,신입생,신입생,신입생,34.0,42.0,33.0,42.0
64,2018,아동문헌정보과,신입생,34,언어재활과,유아교육과,의공융합과,자동차과,신입생,신입생,신입생,신입생,42.0,33.0,42.0,35.0
65,2018,언어재활과,신입생,42,유아교육과,의공융합과,자동차과,자동화시스템,신입생,신입생,신입생,신입생,33.0,42.0,35.0,27.0
66,2018,유아교육과,신입생,33,의공융합과,자동차과,자동화시스템,전기과,신입생,신입생,신입생,신입생,42.0,35.0,27.0,61.0
67,2018,의공융합과,신입생,42,자동차과,자동화시스템,전기과,전자통신과,신입생,신입생,신입생,신입생,35.0,27.0,61.0,38.0
68,2018,자동차과,신입생,35,자동화시스템,전기과,전자통신과,컴퓨터소프트웨어과,신입생,신입생,신입생,신입생,27.0,61.0,38.0,67.0
69,2018,자동화시스템,신입생,27,전기과,전자통신과,컴퓨터소프트웨어과,토목환경과,신입생,신입생,신입생,신입생,61.0,38.0,67.0,43.0
70,2018,전기과,신입생,61,전자통신과,컴퓨터소프트웨어과,토목환경과,항공서비스과,신입생,신입생,신입생,신입생,38.0,67.0,43.0,37.0
71,2018,전자통신과,신입생,38,컴퓨터소프트웨어과,토목환경과,항공서비스과,호텔관광과,신입생,신입생,신입생,신입생,67.0,43.0,37.0,36.0
72,2018,컴퓨터소프트웨어과,신입생,67,토목환경과,항공서비스과,호텔관광과,호텔외식서비스과,신입생,신입생,신입생,신입생,43.0,37.0,36.0,78.0
73,2018,토목환경과,신입생,43,항공서비스과,호텔관광과,호텔외식서비스과,호텔조리과,신입생,신입생,신입생,신입생,37.0,36.0,78.0,30.0
74,2018,항공서비스과,신입생,37,호텔관광과,호텔외식서비스과,호텔조리과,건축과,신입생,신입생,신입생,재학생,36.0,78.0,30.0,37.0
75,2018,호텔관광과,신입생,36,호텔외식서비스과,호텔조리과,건축과,건축설비소방과,신입생,신입생,재학생,재학생,78.0,30.0,37.0,18.0
76,2018,호텔외식서비스과,신입생,78,호텔조리과,건축과,건축설비소방과,경영과,신입생,재학생,재학생,재학생,30.0,37.0,18.0,49.0
77,2018,호텔조리과,신입생,30,건축과,건축설비소방과,경영과,기계과,재학생,재학생,재학생,재학생,37.0,18.0,49.0,29.0
78,2018,건축과,재학생,37,건축설비소방과,경영과,기계과,디지털전자과,재학생,재학생,재학생,재학생,18.0,49.0,29.0,39.0
79,2018,건축설비소방과,재학생,18,경영과,기계과,디지털전자과,메카트로닉스과,재학생,재학생,재학생,재학생,49.0,29.0,39.0,25.0
80,2018,경영과,재학생,49,기계과,디지털전자과,메카트로닉스과,모바일인터넷과,재학생,재학생,재학생,재학생,29.0,39.0,25.0,38.0
81,2018,기계과,재학생,29,디지털전자과,메카트로닉스과,모바일인터넷과,방송음향영상과,재학생,재학생,재학생,재학생,39.0,25.0,38.0,29.0
82,2018,디지털전자과,재학생,39,메카트로닉스과,모바일인터넷과,방송음향영상과,비서사무행정과,재학생,재학생,재학생,재학생,25.0,38.0,29.0,36.0
83,2018,메카트로닉스과,재학생,25,모바일인터넷과,방송음향영상과,비서사무행정과,사회복지과,재학생,재학생,재학생,재학생,38.0,29.0,36.0,32.0
84,2018,모바일인터넷과,재학생,38,방송음향영상과,비서사무행정과,사회복지과,산업경영과,재학생,재학생,재학생,재학생,29.0,36.0,32.0,26.0
85,2018,방송음향영상과,재학생,29,비서사무행정과,사회복지과,산업경영과,세무회계과,재학생,재학생,재학생,재학생,36.0,32.0,26.0,35.0
86,2018,비서사무행정과,재학생,36,사회복지과,산업경영과,세무회계과,스포츠지도과,재학생,재학생,재학생,재학생,32.0,26.0,35.0,47.0
87,2018,사회복지과,재학생,32,산업경영과,세무회계과,스포츠지도과,실내디자인과,재학생,재학생,재학생,재학생,26.0,35.0,47.0,15.0
88,2018,산업경영과,재학생,26,세무회계과,스포츠지도과,실내디자인과,아동문헌정보과,재학생,재학생,재학생,재학생,35.0,47.0,15.0,30.0
89,2018,세무회계과,재학생,35,스포츠지도과,실내디자인과,아동문헌정보과,언어재활과,재학생,재학생,재학생,재학생,47.0,15.0,30.0,35.0
90,2018,스포츠지도과,재학생,47,실내디자인과,아동문헌정보과,언어재활과,유아교육과,재학생,재학생,재학생,재학생,15.0,30.0,35.0,39.0
91,2018,실내디자인과,재학생,15,아동문헌정보과,언어재활과,유아교육과,의공융합과,재학생,재학생,재학생,재학생,30.0,35.0,39.0,26.0
92,2018,아동문헌정보과,재학생,30,언어재활과,유아교육과,의공융합과,자동차과,재학생,재학생,재학생,재학생,35.0,39.0,26.0,51.0
93,2018,언어재활과,재학생,35,유아교육과,의공융합과,자동차과,자동화시스템,재학생,재학생,재학생,재학생,39.0,26.0,51.0,27.0
94,2018,유아교육과,재학생,39,의공융합과,자동차과,자동화시스템,전기과,재학생,재학생,재학생,재학생,26.0,51.0,27.0,39.0
95,2018,의공융합과,재학생,26,자동차과,자동화시스템,전기과,전자통신과,재학생,재학생,재학생,재학생,51.0,27.0,39.0,26.0
96,2018,자동차과,재학생,51,자동화시스템,전기과,전자통신과,컴퓨터소프트웨어과,재학생,재학생,재학생,재학생,27.0,39.0,26.0,14.0
97,2018,자동화시스템,재학생,27,전기과,전자통신과,컴퓨터소프트웨어과,토목환경과,재학생,재학생,재학생,재학생,39.0,26.0,14.0,25.0
98,2018,전기과,재학생,39,전자통신과,컴퓨터소프트웨어과,토목환경과,항공서비스과,재학생,재학생,재학생,재학생,26.0,14.0,25.0,25.0
99,2018,전자통신과,재학생,26,컴퓨터소프트웨어과,토목환경과,항공서비스과,호텔관광과,재학생,재학생,재학생,재학생,14.0,25.0,25.0,19.0
100,2018,컴퓨터소프트웨어과,재학생,14,토목환경과,항공서비스과,호텔관광과,호텔외식서비스과,재학생,재학생,재학생,재학생,25.0,25.0,19.0,40.0
101,2018,토목환경과,재학생,25,항공서비스과,호텔관광과,호텔외식서비스과,호텔조리과,재학생,재학생,재학생,재학생,25.0,19.0,40.0,18.0
102,2018,항공서비스과,재학생,25,호텔관광과,호텔외식서비스과,호텔조리과,아동문헌정보과,재학생,재학생,재학생,신입생,19.0,40.0,18.0,74.0
103,2018,호텔관광과,재학생,19,호텔외식서비스과,호텔조리과,아동문헌정보과,아동문헌정보과,재학생,재학생,신입생,재학생,40.0,18.0,74.0,43.0
104,2018,호텔외식서비스과,재학생,40,호텔조리과,아동문헌정보과,아동문헌정보과,건축과,재학생,신입생,재학생,신입생,18.0,74.0,43.0,110.0
105,2018,호텔조리과,재학생,18,아동문헌정보과,아동문헌정보과,건축과,건축설비소방과,신입생,재학생,신입생,신입생,74.0,43.0,110.0,75.0
106,2017,아동문헌정보과,신입생,74,아동문헌정보과,건축과,건축설비소방과,경영과,재학생,신입생,신입생,신입생,43.0,110.0,75.0,73.0
107,2017,아동문헌정보과,재학생,43,건축과,건축설비소방과,경영과,기계과,신입생,신입생,신입생,신입생,110.0,75.0,73.0,80.0
108,2017,건축과,신입생,110,건축설비소방과,경영과,기계과,디지털전자과,신입생,신입생,신입생,신입생,75.0,73.0,80.0,79.0
109,2017,건축설비소방과,신입생,75,경영과,기계과,디지털전자과,메카트로닉스과,신입생,신입생,신입생,신입생,73.0,80.0,79.0,78.0
110,2017,경영과,신입생,73,기계과,디지털전자과,메카트로닉스과,모바일인터넷과,신입생,신입생,신입생,신입생,80.0,79.0,78.0,73.0
111,2017,기계과,신입생,80,디지털전자과,메카트로닉스과,모바일인터넷과,문헌정보과,신입생,신입생,신입생,신입생,79.0,78.0,73.0,77.0
112,2017,디지털전자과,신입생,79,메카트로닉스과,모바일인터넷과,문헌정보과,방송음향영상과,신입생,신입생,신입생,신입생,78.0,73.0,77.0,78.0
113,2017,메카트로닉스과,신입생,78,모바일인터넷과,문헌정보과,방송음향영상과,비서사무행정과,신입생,신입생,신입생,신입생,73.0,77.0,78.0,75.0
114,2017,모바일인터넷과,신입생,73,문헌정보과,방송음향영상과,비서사무행정과,사회복지과,신입생,신입생,신입생,신입생,77.0,78.0,75.0,79.0
115,2017,문헌정보과,신입생,77,방송음향영상과,비서사무행정과,사회복지과,산업경영과,신입생,신입생,신입생,신입생,78.0,75.0,79.0,74.0
116,2017,방송음향영상과,신입생,78,비서사무행정과,사회복지과,산업경영과,세무회계과,신입생,신입생,신입생,신입생,75.0,79.0,74.0,76.0
117,2017,비서사무행정과,신입생,75,사회복지과,산업경영과,세무회계과,스포츠지도과,신입생,신입생,신입생,신입생,79.0,74.0,76.0,41.0
118,2017,사회복지과,신입생,79,산업경영과,세무회계과,스포츠지도과,실내디자인과,신입생,신입생,신입생,신입생,74.0,76.0,41.0,117.0
119,2017,산업경영과,신입생,74,세무회계과,스포츠지도과,실내디자인과,언어재활과,신입생,신입생,신입생,신입생,76.0,41.0,117.0,43.0
120,2017,세무회계과,신입생,76,스포츠지도과,실내디자인과,언어재활과,유아교육과,신입생,신입생,신입생,신입생,41.0,117.0,43.0,110.0
121,2017,스포츠지도과,신입생,41,실내디자인과,언어재활과,유아교육과,의공융합과,신입생,신입생,신입생,신입생,117.0,43.0,110.0,43.0
122,2017,실내디자인과,신입생,117,언어재활과,유아교육과,의공융합과,자동차과,신입생,신입생,신입생,신입생,43.0,110.0,43.0,125.0
123,2017,언어재활과,신입생,43,유아교육과,의공융합과,자동차과,자동화시스템과,신입생,신입생,신입생,신입생,110.0,43.0,125.0,75.0
124,2017,유아교육과,신입생,110,의공융합과,자동차과,자동화시스템과,전기과,신입생,신입생,신입생,신입생,43.0,125.0,75.0,73.0
125,2017,의공융합과,신입생,43,자동차과,자동화시스템과,전기과,전자통신과,신입생,신입생,신입생,신입생,125.0,75.0,73.0,80.0
126,2017,자동차과,신입생,125,자동화시스템과,전기과,전자통신과,컴퓨터소프트웨어과,신입생,신입생,신입생,신입생,75.0,73.0,80.0,76.0
127,2017,자동화시스템과,신입생,75,전기과,전자통신과,컴퓨터소프트웨어과,토목환경과,신입생,신입생,신입생,신입생,73.0,80.0,76.0,74.0
128,2017,전기과,신입생,73,전자통신과,컴퓨터소프트웨어과,토목환경과,항공서비스과,신입생,신입생,신입생,신입생,80.0,76.0,74.0,81.0
129,2017,전자통신과,신입생,80,컴퓨터소프트웨어과,토목환경과,항공서비스과,호텔관광과,신입생,신입생,신입생,신입생,76.0,74.0,81.0,74.0
130,2017,컴퓨터소프트웨어과,신입생,76,토목환경과,항공서비스과,호텔관광과,호텔외식서비스과,신입생,신입생,신입생,신입생,74.0,81.0,74.0,83.0
131,2017,토목환경과,신입생,74,항공서비스과,호텔관광과,호텔외식서비스과,호텔조리과,신입생,신입생,신입생,신입생,81.0,74.0,83.0,122.0
132,2017,항공서비스과,신입생,81,호텔관광과,호텔외식서비스과,호텔조리과,건축과,신입생,신입생,신입생,재학생,74.0,83.0,122.0,29.0
133,2017,호텔관광과,신입생,74,호텔외식서비스과,호텔조리과,건축과,건축설비소방과,신입생,신입생,재학생,재학생,83.0,122.0,29.0,20.0
134,2017,호텔외식서비스과,신입생,83,호텔조리과,건축과,건축설비소방과,경영과,신입생,재학생,재학생,재학생,122.0,29.0,20.0,39.0
135,2017,호텔조리과,신입생,122,건축과,건축설비소방과,경영과,기계과,재학생,재학생,재학생,재학생,29.0,20.0,39.0,40.0
136,2017,건축과,재학생,29,건축설비소방과,경영과,기계과,디지털전자과,재학생,재학생,재학생,재학생,20.0,39.0,40.0,26.0
137,2017,건축설비소방과,재학생,20,경영과,기계과,디지털전자과,메카트로닉스과,재학생,재학생,재학생,재학생,39.0,40.0,26.0,40.0
138,2017,경영과,재학생,39,기계과,디지털전자과,메카트로닉스과,모바일인터넷과,재학생,재학생,재학생,재학생,40.0,26.0,40.0,20.0
139,2017,기계과,재학생,40,디지털전자과,메카트로닉스과,모바일인터넷과,문헌정보과,재학생,재학생,재학생,재학생,26.0,40.0,20.0,24.0
140,2017,디지털전자과,재학생,26,메카트로닉스과,모바일인터넷과,문헌정보과,방송음향영상과,재학생,재학생,재학생,재학생,40.0,20.0,24.0,42.0
141,2017,메카트로닉스과,재학생,40,모바일인터넷과,문헌정보과,방송음향영상과,비서사무행정과,재학생,재학생,재학생,재학생,20.0,24.0,42.0,24.0
142,2017,모바일인터넷과,재학생,20,문헌정보과,방송음향영상과,비서사무행정과,사회복지과,재학생,재학생,재학생,재학생,24.0,42.0,24.0,40.0
143,2017,문헌정보과,재학생,24,방송음향영상과,비서사무행정과,사회복지과,산업경영과,재학생,재학생,재학생,재학생,42.0,24.0,40.0,33.0
144,2017,방송음향영상과,재학생,42,비서사무행정과,사회복지과,산업경영과,세무회계과,재학생,재학생,재학생,재학생,24.0,40.0,33.0,38.0
145,2017,비서사무행정과,재학생,24,사회복지과,산업경영과,세무회계과,스포츠지도과,재학생,재학생,재학생,재학생,40.0,33.0,38.0,19.0
146,2017,사회복지과,재학생,40,산업경영과,세무회계과,스포츠지도과,실내디자인과,재학생,재학생,재학생,재학생,33.0,38.0,19.0,23.0
147,2017,산업경영과,재학생,33,세무회계과,스포츠지도과,실내디자인과,언어재활과,재학생,재학생,재학생,재학생,38.0,19.0,23.0,26.0
148,2017,세무회계과,재학생,38,스포츠지도과,실내디자인과,언어재활과,유아교육과,재학생,재학생,재학생,재학생,19.0,23.0,26.0,38.0
149,2017,스포츠지도과,재학생,19,실내디자인과,언어재활과,유아교육과,의공융합과,재학생,재학생,재학생,재학생,23.0,26.0,38.0,21.0
150,2017,실내디자인과,재학생,23,언어재활과,유아교육과,의공융합과,자동차과,재학생,재학생,재학생,재학생,26.0,38.0,21.0,38.0
151,2017,언어재활과,재학생,26,유아교육과,의공융합과,자동차과,자동화시스템과,재학생,재학생,재학생,재학생,38.0,21.0,38.0,22.0
152,2017,유아교육과,재학생,38,의공융합과,자동차과,자동화시스템과,전기과,재학생,재학생,재학생,재학생,21.0,38.0,22.0,58.0
153,2017,의공융합과,재학생,21,자동차과,자동화시스템과,전기과,전자통신과,재학생,재학생,재학생,재학생,38.0,22.0,58.0,34.0
154,2017,자동차과,재학생,38,자동화시스템과,전기과,전자통신과,컴퓨터소프트웨어과,재학생,재학생,재학생,재학생,22.0,58.0,34.0,23.0
155,2017,자동화시스템과,재학생,22,전기과,전자통신과,컴퓨터소프트웨어과,토목환경과,재학생,재학생,재학생,재학생,58.0,34.0,23.0,51.0
156,2017,전기과,재학생,58,전자통신과,컴퓨터소프트웨어과,토목환경과,항공서비스과,재학생,재학생,재학생,재학생,34.0,23.0,51.0,10.0
157,2017,전자통신과,재학생,34,컴퓨터소프트웨어과,토목환경과,항공서비스과,호텔관광과,재학생,재학생,재학생,재학생,23.0,51.0,10.0,32.0
158,2017,컴퓨터소프트웨어과,재학생,23,토목환경과,항공서비스과,호텔관광과,호텔외식서비스과,재학생,재학생,재학생,재학생,51.0,10.0,32.0,34.0
159,2017,토목환경과,재학생,51,항공서비스과,호텔관광과,호텔외식서비스과,호텔조리과,재학생,재학생,재학생,재학생,10.0,32.0,34.0,15.0
160,2017,항공서비스과,재학생,10,호텔관광과,호텔외식서비스과,호텔조리과,건축과,재학생,재학생,재학생,신입생,32.0,34.0,15.0,110.0
161,2017,호텔관광과,재학생,32,호텔외식서비스과,호텔조리과,건축과,건축설비소방과,재학생,재학생,신입생,신입생,34.0,15.0,110.0,75.0
162,2017,호텔외식서비스과,재학생,34,호텔조리과,건축과,건축설비소방과,경영과,재학생,신입생,신입생,신입생,15.0,110.0,75.0,73.0
163,2017,호텔조리과,재학생,15,건축과,건축설비소방과,경영과,기계과,신입생,신입생,신입생,신입생,110.0,75.0,73.0,80.0
164,2016,건축과,신입생,110,건축설비소방과,경영과,기계과,디지털전자과,신입생,신입생,신입생,신입생,75.0,73.0,80.0,79.0
165,2016,건축설비소방과,신입생,75,경영과,기계과,디지털전자과,메카트로닉스과,신입생,신입생,신입생,신입생,73.0,80.0,79.0,78.0
166,2016,경영과,신입생,73,기계과,디지털전자과,메카트로닉스과,모바일인터넷과,신입생,신입생,신입생,신입생,80.0,79.0,78.0,73.0
167,2016,기계과,신입생,80,디지털전자과,메카트로닉스과,모바일인터넷과,문헌정보과,신입생,신입생,신입생,신입생,79.0,78.0,73.0,77.0
168,2016,디지털전자과,신입생,79,메카트로닉스과,모바일인터넷과,문헌정보과,방송음향영상과,신입생,신입생,신입생,신입생,78.0,73.0,77.0,78.0
169,2016,메카트로닉스과,신입생,78,모바일인터넷과,문헌정보과,방송음향영상과,비서사무행정과,신입생,신입생,신입생,신입생,73.0,77.0,78.0,75.0
170,2016,모바일인터넷과,신입생,73,문헌정보과,방송음향영상과,비서사무행정과,사회복지과,신입생,신입생,신입생,신입생,77.0,78.0,75.0,79.0
171,2016,문헌정보과,신입생,77,방송음향영상과,비서사무행정과,사회복지과,산업경영과,신입생,신입생,신입생,신입생,78.0,75.0,79.0,74.0
172,2016,방송음향영상과,신입생,78,비서사무행정과,사회복지과,산업경영과,세무회계과,신입생,신입생,신입생,신입생,75.0,79.0,74.0,76.0
173,2016,비서사무행정과,신입생,75,사회복지과,산업경영과,세무회계과,스포츠지도과,신입생,신입생,신입생,신입생,79.0,74.0,76.0,41.0
174,2016,사회복지과,신입생,79,산업경영과,세무회계과,스포츠지도과,실내디자인과,신입생,신입생,신입생,신입생,74.0,76.0,41.0,117.0
175,2016,산업경영과,신입생,74,세무회계과,스포츠지도과,실내디자인과,언어재활과,신입생,신입생,신입생,신입생,76.0,41.0,117.0,43.0
176,2016,세무회계과,신입생,76,스포츠지도과,실내디자인과,언어재활과,유아교육과,신입생,신입생,신입생,신입생,41.0,117.0,43.0,110.0
177,2016,스포츠지도과,신입생,41,실내디자인과,언어재활과,유아교육과,의공융합과,신입생,신입생,신입생,신입생,117.0,43.0,110.0,43.0
178,2016,실내디자인과,신입생,117,언어재활과,유아교육과,의공융합과,자동차과,신입생,신입생,신입생,신입생,43.0,110.0,43.0,125.0
179,2016,언어재활과,신입생,43,유아교육과,의공융합과,자동차과,자동화시스템과,신입생,신입생,신입생,신입생,110.0,43.0,125.0,75.0
180,2016,유아교육과,신입생,110,의공융합과,자동차과,자동화시스템과,전기과,신입생,신입생,신입생,신입생,43.0,125.0,75.0,73.0
181,2016,의공융합과,신입생,43,자동차과,자동화시스템과,전기과,전자통신과,신입생,신입생,신입생,신입생,125.0,75.0,73.0,80.0
182,2016,자동차과,신입생,125,자동화시스템과,전기과,전자통신과,컴퓨터소프트웨어과,신입생,신입생,신입생,신입생,75.0,73.0,80.0,76.0
183,2016,자동화시스템과,신입생,75,전기과,전자통신과,컴퓨터소프트웨어과,토목환경과,신입생,신입생,신입생,신입생,73.0,80.0,76.0,74.0
184,2016,전기과,신입생,73,전자통신과,컴퓨터소프트웨어과,토목환경과,항공서비스과,신입생,신입생,신입생,신입생,80.0,76.0,74.0,81.0
185,2016,전자통신과,신입생,80,컴퓨터소프트웨어과,토목환경과,항공서비스과,호텔관광과,신입생,신입생,신입생,신입생,76.0,74.0,81.0,74.0
186,2016,컴퓨터소프트웨어과,신입생,76,토목환경과,항공서비스과,호텔관광과,호텔외식서비스과,신입생,신입생,신입생,신입생,74.0,81.0,74.0,83.0
187,2016,토목환경과,신입생,74,항공서비스과,호텔관광과,호텔외식서비스과,호텔조리과,신입생,신입생,신입생,신입생,81.0,74.0,83.0,122.0
188,2016,항공서비스과,신입생,81,호텔관광과,호텔외식서비스과,호텔조리과,건축과,신입생,신입생,신입생,재학생,74.0,83.0,122.0,29.0
189,2016,호텔관광과,신입생,74,호텔외식서비스과,호텔조리과,건축과,건축설비소방과,신입생,신입생,재학생,재학생,83.0,122.0,29.0,20.0
190,2016,호텔외식서비스과,신입생,83,호텔조리과,건축과,건축설비소방과,경영과,신입생,재학생,재학생,재학생,122.0,29.0,20.0,39.0
191,2016,호텔조리과,신입생,122,건축과,건축설비소방과,경영과,기계과,재학생,재학생,재학생,재학생,29.0,20.0,39.0,40.0
192,2016,건축과,재학생,29,건축설비소방과,경영과,기계과,디지털전자과,재학생,재학생,재학생,재학생,20.0,39.0,40.0,26.0
193,2016,건축설비소방과,재학생,20,경영과,기계과,디지털전자과,메카트로닉스과,재학생,재학생,재학생,재학생,39.0,40.0,26.0,40.0
194,2016,경영과,재학생,39,기계과,디지털전자과,메카트로닉스과,모바일인터넷과,재학생,재학생,재학생,재학생,40.0,26.0,40.0,20.0
195,2016,기계과,재학생,40,디지털전자과,메카트로닉스과,모바일인터넷과,문헌정보과,재학생,재학생,재학생,재학생,26.0,40.0,20.0,24.0
196,2016,디지털전자과,재학생,26,메카트로닉스과,모바일인터넷과,문헌정보과,방송음향영상과,재학생,재학생,재학생,재학생,40.0,20.0,24.0,42.0
197,2016,메카트로닉스과,재학생,40,모바일인터넷과,문헌정보과,방송음향영상과,비서사무행정과,재학생,재학생,재학생,재학생,20.0,24.0,42.0,24.0
198,2016,모바일인터넷과,재학생,20,문헌정보과,방송음향영상과,비서사무행정과,사회복지과,재학생,재학생,재학생,재학생,24.0,42.0,24.0,40.0
199,2016,문헌정보과,재학생,24,방송음향영상과,비서사무행정과,사회복지과,산업경영과,재학생,재학생,재학생,재학생,42.0,24.0,40.0,33.0
200,2016,방송음향영상과,재학생,42,비서사무행정과,사회복지과,산업경영과,세무회계과,재학생,재학생,재학생,재학생,24.0,40.0,33.0,38.0
201,2016,비서사무행정과,재학생,24,사회복지과,산업경영과,세무회계과,스포츠지도과,재학생,재학생,재학생,재학생,40.0,33.0,38.0,19.0
202,2016,사회복지과,재학생,40,산업경영과,세무회계과,스포츠지도과,실내디자인과,재학생,재학생,재학생,재학생,33.0,38.0,19.0,23.0
203,2016,산업경영과,재학생,33,세무회계과,스포츠지도과,실내디자인과,언어재활과,재학생,재학생,재학생,재학생,38.0,19.0,23.0,26.0
204,2016,세무회계과,재학생,38,스포츠지도과,실내디자인과,언어재활과,유아교육과,재학생,재학생,재학생,재학생,19.0,23.0,26.0,38.0
205,2016,스포츠지도과,재학생,19,실내디자인과,언어재활과,유아교육과,의공융합과,재학생,재학생,재학생,재학생,23.0,26.0,38.0,21.0
206,2016,실내디자인과,재학생,23,언어재활과,유아교육과,의공융합과,자동차과,재학생,재학생,재학생,재학생,26.0,38.0,21.0,38.0
207,2016,언어재활과,재학생,26,유아교육과,의공융합과,자동차과,자동화시스템과,재학생,재학생,재학생,재학생,38.0,21.0,38.0,22.0
208,2016,유아교육과,재학생,38,의공융합과,자동차과,자동화시스템과,전기과,재학생,재학생,재학생,재학생,21.0,38.0,22.0,58.0
209,2016,의공융합과,재학생,21,자동차과,자동화시스템과,전기과,전자통신과,재학생,재학생,재학생,재학생,38.0,22.0,58.0,34.0
210,2016,자동차과,재학생,38,자동화시스템과,전기과,전자통신과,컴퓨터소프트웨어과,재학생,재학생,재학생,재학생,22.0,58.0,34.0,23.0
211,2016,자동화시스템과,재학생,22,전기과,전자통신과,컴퓨터소프트웨어과,토목환경과,재학생,재학생,재학생,재학생,58.0,34.0,23.0,51.0
212,2016,전기과,재학생,58,전자통신과,컴퓨터소프트웨어과,토목환경과,항공서비스과,재학생,재학생,재학생,재학생,34.0,23.0,51.0,10.0
213,2016,전자통신과,재학생,34,컴퓨터소프트웨어과,토목환경과,항공서비스과,호텔관광과,재학생,재학생,재학생,재학생,23.0,51.0,10.0,32.0
214,2016,컴퓨터소프트웨어과,재학생,23,토목환경과,항공서비스과,호텔관광과,호텔외식서비스과,재학생,재학생,재학생,재학생,51.0,10.0,32.0,34.0
215,2016,토목환경과,재학생,51,항공서비스과,호텔관광과,호텔외식서비스과,호텔조리과,재학생,재학생,재학생,재학생,10.0,32.0,34.0,15.0
216,2016,항공서비스과,재학생,10,호텔관광과,호텔외식서비스과,호텔조리과,기계과,재학생,재학생,재학생,신입생,32.0,34.0,15.0,41.0
217,2016,호텔관광과,재학생,32,호텔외식서비스과,호텔조리과,기계과,메카트로닉스과,재학생,재학생,신입생,신입생,34.0,15.0,41.0,39.0
218,2016,호텔외식서비스과,재학생,34,호텔조리과,기계과,메카트로닉스과,자동차과,재학생,신입생,신입생,신입생,15.0,41.0,39.0,58.0
219,2016,호텔조리과,재학생,15,기계과,메카트로닉스과,자동차과,전기과,신입생,신입생,신입생,신입생,41.0,39.0,58.0,41.0
220,2015,기계과,신입생,41,메카트로닉스과,자동차과,전기과,자동화시스템과,신입생,신입생,신입생,신입생,39.0,58.0,41.0,33.0
221,2015,메카트로닉스과,신입생,39,자동차과,전기과,자동화시스템과,산업경영과,신입생,신입생,신입생,신입생,58.0,41.0,33.0,40.0
222,2015,자동차과,신입생,58,전기과,자동화시스템과,산업경영과,의공융합과,신입생,신입생,신입생,신입생,41.0,33.0,40.0,33.0
223,2015,전기과,신입생,41,자동화시스템과,산업경영과,의공융합과,토목환경과,신입생,신입생,신입생,신입생,33.0,40.0,33.0,39.0
224,2015,자동화시스템과,신입생,33,산업경영과,의공융합과,토목환경과,건축과,신입생,신입생,신입생,신입생,40.0,33.0,39.0,77.0
225,2015,산업경영과,신입생,40,의공융합과,토목환경과,건축과,건축설비소방과,신입생,신입생,신입생,신입생,33.0,39.0,77.0,45.0
226,2015,의공융합과,신입생,33,토목환경과,건축과,건축설비소방과,실내디자인과,신입생,신입생,신입생,신입생,39.0,77.0,45.0,31.0
227,2015,토목환경과,신입생,39,건축과,건축설비소방과,실내디자인과,디지털전자과,신입생,신입생,신입생,신입생,77.0,45.0,31.0,37.0
228,2015,건축과,신입생,77,건축설비소방과,실내디자인과,디지털전자과,전자통신과,신입생,신입생,신입생,신입생,45.0,31.0,37.0,26.0
229,2015,건축설비소방과,신입생,45,실내디자인과,디지털전자과,전자통신과,방송음향영상과,신입생,신입생,신입생,신입생,31.0,37.0,26.0,27.0
230,2015,실내디자인과,신입생,31,디지털전자과,전자통신과,방송음향영상과,컴퓨터소프트웨어과,신입생,신입생,신입생,신입생,37.0,26.0,27.0,39.0
231,2015,디지털전자과,신입생,37,전자통신과,방송음향영상과,컴퓨터소프트웨어과,모바일인터넷과,신입생,신입생,신입생,신입생,26.0,27.0,39.0,35.0
232,2015,전자통신과,신입생,26,방송음향영상과,컴퓨터소프트웨어과,모바일인터넷과,경영과,신입생,신입생,신입생,신입생,27.0,39.0,35.0,46.0
233,2015,방송음향영상과,신입생,27,컴퓨터소프트웨어과,모바일인터넷과,경영과,세무회계과,신입생,신입생,신입생,신입생,39.0,35.0,46.0,38.0
234,2015,컴퓨터소프트웨어과,신입생,39,모바일인터넷과,경영과,세무회계과,사회복지과,신입생,신입생,신입생,신입생,35.0,46.0,38.0,53.0
235,2015,모바일인터넷과,신입생,35,경영과,세무회계과,사회복지과,호텔관광과,신입생,신입생,신입생,신입생,46.0,38.0,53.0,33.0
236,2015,경영과,신입생,46,세무회계과,사회복지과,호텔관광과,항공서비스과,신입생,신입생,신입생,신입생,38.0,53.0,33.0,36.0
237,2015,세무회계과,신입생,38,사회복지과,호텔관광과,항공서비스과,문헌정보과,신입생,신입생,신입생,신입생,53.0,33.0,36.0,33.0
238,2015,사회복지과,신입생,53,호텔관광과,항공서비스과,문헌정보과,비서사무행정과,신입생,신입생,신입생,신입생,33.0,36.0,33.0,36.0
239,2015,호텔관광과,신입생,33,항공서비스과,문헌정보과,비서사무행정과,유아교육과,신입생,신입생,신입생,신입생,36.0,33.0,36.0,36.0
240,2015,항공서비스과,신입생,36,문헌정보과,비서사무행정과,유아교육과,스포츠지도과,신입생,신입생,신입생,신입생,33.0,36.0,36.0,40.0
241,2015,문헌정보과,신입생,33,비서사무행정과,유아교육과,스포츠지도과,호텔조리과,신입생,신입생,신입생,신입생,36.0,36.0,40.0,27.0
242,2015,비서사무행정과,신입생,36,유아교육과,스포츠지도과,호텔조리과,호텔외식서비스과,신입생,신입생,신입생,신입생,36.0,40.0,27.0,27.0
243,2015,유아교육과,신입생,36,스포츠지도과,호텔조리과,호텔외식서비스과,언어재활과,신입생,신입생,신입생,신입생,40.0,27.0,27.0,33.0
244,2015,스포츠지도과,신입생,40,호텔조리과,호텔외식서비스과,언어재활과,중국비즈니스과,신입생,신입생,신입생,신입생,27.0,27.0,33.0,1.0
245,2015,호텔조리과,신입생,27,호텔외식서비스과,언어재활과,중국비즈니스과,기계과,신입생,신입생,신입생,재학생,27.0,33.0,1.0,20.0
246,2015,호텔외식서비스과,신입생,27,언어재활과,중국비즈니스과,기계과,메카트로닉스과,신입생,신입생,재학생,재학생,33.0,1.0,20.0,34.0
247,2015,언어재활과,신입생,33,중국비즈니스과,기계과,메카트로닉스과,자동차과,신입생,재학생,재학생,재학생,1.0,20.0,34.0,22.0
248,2015,중국비즈니스과,신입생,1,기계과,메카트로닉스과,자동차과,전기과,재학생,재학생,재학생,재학생,20.0,34.0,22.0,34.0
249,2015,기계과,재학생,20,메카트로닉스과,자동차과,전기과,자동화시스템과,재학생,재학생,재학생,재학생,34.0,22.0,34.0,47.0
250,2015,메카트로닉스과,재학생,34,자동차과,전기과,자동화시스템과,산업경영과,재학생,재학생,재학생,재학생,22.0,34.0,47.0,40.0
251,2015,자동차과,재학생,22,전기과,자동화시스템과,산업경영과,의공융합과,재학생,재학생,재학생,재학생,34.0,47.0,40.0,24.0
252,2015,전기과,재학생,34,자동화시스템과,산업경영과,의공융합과,토목환경과,재학생,재학생,재학생,재학생,47.0,40.0,24.0,41.0
253,2015,자동화시스템과,재학생,47,산업경영과,의공융합과,토목환경과,건축과,재학생,재학생,재학생,재학생,40.0,24.0,41.0,64.0
254,2015,산업경영과,재학생,40,의공융합과,토목환경과,건축과,건축설비소방과,재학생,재학생,재학생,재학생,24.0,41.0,64.0,22.0
255,2015,의공융합과,재학생,24,토목환경과,건축과,건축설비소방과,실내디자인과,재학생,재학생,재학생,재학생,41.0,64.0,22.0,29.0
256,2015,토목환경과,재학생,41,건축과,건축설비소방과,실내디자인과,디지털전자과,재학생,재학생,재학생,재학생,64.0,22.0,29.0,43.0
257,2015,건축과,재학생,64,건축설비소방과,실내디자인과,디지털전자과,전자통신과,재학생,재학생,재학생,재학생,22.0,29.0,43.0,44.0
258,2015,건축설비소방과,재학생,22,실내디자인과,디지털전자과,전자통신과,방송음향영상과,재학생,재학생,재학생,재학생,29.0,43.0,44.0,39.0
259,2015,실내디자인과,재학생,29,디지털전자과,전자통신과,방송음향영상과,컴퓨터소프트웨어과,재학생,재학생,재학생,재학생,43.0,44.0,39.0,41.0
260,2015,디지털전자과,재학생,43,전자통신과,방송음향영상과,컴퓨터소프트웨어과,모바일인터넷과,재학생,재학생,재학생,재학생,44.0,39.0,41.0,22.0
261,2015,전자통신과,재학생,44,방송음향영상과,컴퓨터소프트웨어과,모바일인터넷과,경영과,재학생,재학생,재학생,재학생,39.0,41.0,22.0,30.0
262,2015,방송음향영상과,재학생,39,컴퓨터소프트웨어과,모바일인터넷과,경영과,세무회계과,재학생,재학생,재학생,재학생,41.0,22.0,30.0,42.0
263,2015,컴퓨터소프트웨어과,재학생,41,모바일인터넷과,경영과,세무회계과,사회복지과,재학생,재학생,재학생,재학생,22.0,30.0,42.0,27.0
264,2015,모바일인터넷과,재학생,22,경영과,세무회계과,사회복지과,호텔관광과,재학생,재학생,재학생,재학생,30.0,42.0,27.0,15.0
265,2015,경영과,재학생,30,세무회계과,사회복지과,호텔관광과,항공서비스과,재학생,재학생,재학생,재학생,42.0,27.0,15.0,25.0
266,2015,세무회계과,재학생,42,사회복지과,호텔관광과,항공서비스과,문헌정보과,재학생,재학생,재학생,재학생,27.0,15.0,25.0,31.0
267,2015,사회복지과,재학생,27,호텔관광과,항공서비스과,문헌정보과,비서사무행정과,재학생,재학생,재학생,재학생,15.0,25.0,31.0,35.0
268,2015,호텔관광과,재학생,15,항공서비스과,문헌정보과,비서사무행정과,유아교육과,재학생,재학생,재학생,재학생,25.0,31.0,35.0,29.0
269,2015,항공서비스과,재학생,25,문헌정보과,비서사무행정과,유아교육과,스포츠지도과,재학생,재학생,재학생,재학생,31.0,35.0,29.0,40.0
270,2015,문헌정보과,재학생,31,비서사무행정과,유아교육과,스포츠지도과,호텔조리과,재학생,재학생,재학생,재학생,35.0,29.0,40.0,15.0
271,2015,비서사무행정과,재학생,35,유아교육과,스포츠지도과,호텔조리과,호텔외식서비스과,재학생,재학생,재학생,재학생,29.0,40.0,15.0,15.0
272,2015,유아교육과,재학생,29,스포츠지도과,호텔조리과,호텔외식서비스과,언어재활과,재학생,재학생,재학생,재학생,40.0,15.0,15.0,29.0
273,2015,스포츠지도과,재학생,40,호텔조리과,호텔외식서비스과,언어재활과,중국비즈니스과,재학생,재학생,재학생,재학생,15.0,15.0,29.0,27.0
274,2015,호텔조리과,재학생,15,호텔외식서비스과,언어재활과,중국비즈니스과,,재학생,재학생,재학생,,15.0,29.0,27.0,
275,2015,호텔외식서비스과,재학생,15,언어재활과,중국비즈니스과,,,재학생,재학생,,,29.0,27.0,,
276,2015,언어재활과,재학생,29,중국비즈니스과,,,,재학생,,,,27.0,,,
277,2015,중국비즈니스과,재학생,27,,,,,,,,,,,,
